path	role	exists	bytes	sha256	public	note
paper/tgrs/tgrs_causal_streaming_picker.pdf	manuscript	yes	704818	d8cce04c6a6735e59c10cfe9de5eb6c69ed8c32557d1f80038b27e46a83d402f	yes	English TGRS manuscript PDF
paper/tgrs/tgrs_causal_streaming_picker.tex	manuscript_source	yes	61080	33ec9eb395efefde6f1e94068307a59e9cfb3062331a8ab0d324ef50b7ecc489	yes	English LaTeX source
paper/tgrs/tgrs_causal_streaming_picker_cn.pdf	internal_review	yes	752291	c3a6a9be38791aaed1e3f5ba9230a5015d75c16a08974595deac46e2b3e32f54	no	Chinese review PDF for advisor/group use
paper/tgrs/references.bib	bibliography	yes	29084	980d12198e6dff68ce33cc444faac6e838ce97bb03d5db0c2ba4072367b38963	yes	Reference database
paper/tgrs/cover_letter_tgrs.md	submission	yes	4237	6d6fd6fdba97abc68b12a1c1df8aa72906ac7b5a8e6dd40c85f342c0daeec529	yes	Cover letter draft
paper/tgrs/cover_letter_tgrs.txt	submission	yes	4150	b7e80cfdcee39cc452ba80f43f586d7816cd0fb101ef0899a81e76419fd2470c	yes	Plain-text cover letter draft
paper/tgrs/submission_portal_fields_tgrs.md	submission	yes	4512	4b925ae22b20adf1e3b416e63dbb4231d81da5a6dbe7db01085f18df2430c3bc	yes	Submission-system metadata and field text
paper/tgrs/reproducibility/README.md	release_metadata	yes	639	8d47a2d8129ee77f06ad6da5b01d69a5c7b7d9727bf77c86a250aa2de4d52b7d	yes	TGRS supplement reproducibility notes
paper/tgrs/reproducibility/LICENSE	release_metadata	yes	1067	a083074bc5725255331d5cf80691ca44145da891af2da54fb4e5eb50e006dfbc	yes	Source-code license for the TGRS supplement
paper/tgrs/reproducibility/MODEL_LICENSE	release_metadata	yes	494	eec62a1786a92f6307e71432f1d9be659caa9cde791c133dcda760a57a09321c	yes	Model-checkpoint license note
paper/tgrs/reproducibility/CITATION.cff	release_metadata	yes	938	1911a837c5b1e5eef0b94a00b885fcedff922a9551f81315d5895a0b3db42900	yes	Citation metadata for the TGRS supplement
paper/tgrs/preflight_tgrs_submission.py	quality_gate	yes	28255	070d1a81a73434fb4f74674ce018bdd34c828207ae957911479ac007fd05b33c	yes	TGRS preflight checker
paper/tgrs/build_tgrs_supplement_release.py	release_packaging	yes	4980	11aefb9e759b7b375432d456d9150853832a85de3a372243679bb58138396ac3	yes	TGRS supplement release-archive builder
outputs/submission/tgrs_preflight_report.md	quality_gate_output	yes	11593	6680b1991982dc9b9422803894e6dc4ef1d5f6aa30d1e46efbe6cc9ac46ad7e3	yes	Latest TGRS preflight report
outputs/submission/tgrs_supplement_release/CausalStreamingPPicker_TGRS_supplement.zip	release_archive	yes	10822117	cb5965333e442803f682ed058b87fc9743ac3be248853c8c94a873bc1f9b3d30	yes	Local TGRS supplement archive for submission upload
paper/tgrs/revision/eqanomalynet_style_lessons.md	internal_review	yes	14877	5062b0b2b9ccdfe3074c1477b1e65f98c8a5a7f838563bf60b072bd749e84bd6	no	Detailed reading notes from the accepted EQAnomalyNet TGRS paper for figure and narrative upgrades
paper/tgrs/revision/manuscript_evidence_coverage_audit.md	internal_review	yes	7912	1c145f65d207e52140216525ba720a7180130b14d844b2868402d6b3221b2040	no	Evidence-chain guardrail for written versus unfinished results
paper/tgrs/revision/plot_tgrs_figures.py	figure_generation	yes	46316	269b238f0439673572cf7e0b79d9e355320300ca4d9802409879a095ef3ee44e	yes	TGRS figure-generation script
paper/tgrs/plot_knet_column_figure.py	figure_generation	yes	29850	faa895a992acee8f41f84535b16820c0fa15b2f629e66c85318415a1f7a55932	yes	K-NET column and association figure-generation script
paper/tgrs/revision/build_detailed_result_tables.py	table_generation	yes	21065	7785a9a1684f78edc5a3dec12efdb63114da63134f8d67e461934292f01e4636	yes	Detailed TGRS result-table generator
paper/tgrs/figures/fig_task_positioning_en.pdf	figure	yes	67274	110447efb1b75aae80c1173adcf25b8528bda5a3a152ce7efc61bab4c62629be	yes	Operational time-line figure for the station-front-end task
paper/tgrs/figures/fig_architecture_en.pdf	figure	yes	47121	094d9b991393259c12da680159c188052a0b90a6ebc414f4fe74d067f90cd380	yes	Delta-enhanced causal streaming architecture figure
paper/tgrs/figures/fig1_firstp_latency_en_column.pdf	figure	yes	18802	f10f4691de39441812918e679731c4b543e7803d3277f47fa75262b047c3a0e0	yes	First-P latency and baseline comparison figure
paper/tgrs/figures/fig_causal_replay_case_en.pdf	figure	yes	96242	6c48ed5f14430ee0a2f6dc71089a170acb0a8c28afbb880bbdb5d8fca959a653	yes	K-NET packet-level causal replay case figure
paper/tgrs/figures/fig2_knet_bins_en_column.pdf	figure	yes	32119	609b244cdafa87be1f87bf7b3a93c942572ac28491d980e5c9ea9defc4da1438	yes	K-NET geometry, outcome, magnitude-bin, and distance-bin summary figure
paper/tgrs/figures/fig_knet_imperfect_association_en.pdf	figure	yes	75022	19f76bfa4a91a6b858f80dca3ccdcbe1ffb17d7c8abbbc67abfc7030963e73bc	yes	Representative non-perfect K-NET waveform cases and event-window association figure
paper/tgrs/figures/fig_spike_response_map_en.pdf	figure	yes	94330	5bbe50e37a8e29fd62c2b1848d0a27083b3d772e1142f6885e463ccd7c991c27	yes	Spike-injected pre-P replay visualization
paper/tgrs/figures/source_firstp.csv	figure_source	yes	203	b19bfa4d0cb2aa8734d68b2dfa85bb5a7fd12a17d3d5e9699fbc8eea61a6589c	yes	First-P latency figure source
paper/tgrs/figures/source_knet_categories.csv	figure_source	yes	129	7be21e8531c8a5a9f042a5d27ac8a6f45c827c5fa9bf8f2b7377030dcac9942e	yes	K-NET outcome-category figure source
paper/tgrs/figures/source_knet_by_magnitude.csv	figure_source	yes	154	4f5c6cff1c636d07b47d04123babf74cea651450feb11af0400e59803aa88b29	yes	K-NET magnitude-bin figure source
paper/tgrs/figures/source_knet_by_distance.csv	figure_source	yes	184	bec94960335dea3b2712682120e11fe9c4c8b4139e012f8d8a4819c218753d86	yes	K-NET distance-bin figure source
paper/tgrs/figures/source_redpan_knet_comparison.csv	figure_source	yes	481	2da6f57aa02db9343c22e226f3ce070762fe5708f1c9c3305fbbc2457d5bff19	yes	RED-PAN/K-NET comparison figure source
paper/tgrs/figures/source_ablation.csv	figure_source	yes	175	43109e9f955047008e1067b2e4b45b80d371a09903fb4dd963f0e8497ec6de2d	yes	Ablation figure/table source
paper/tgrs/figures/source_causal_replay_case.csv	figure_source	yes	36355	4a2632104e2ad49008db39dcb64a52777780c55c5739b8dc4f824c7b5da0d86e	yes	K-NET causal replay case source table
paper/tgrs/figures/source_spike_response_map.csv	figure_source	yes	1940190	e4355e7c699f4aaafd1f97f70cf8e8cbbece1b4a9eabb396a1155a3ef7c4458e	yes	Spike-injected packet-response map source
paper/tgrs/figures/source_station_detailed_metrics.csv	table_source	yes	1733	e1c51a5aaa14e9e0fdb2390a876501d625b6c9001b9267a557222d836db9430a	yes	Detailed station-level P-candidate table source
paper/tgrs/figures/source_knet_stratified_detailed_metrics.csv	table_source	yes	1359	d50893bfb3ba0b2c5ebb71eaa09cd47e72aeb438a9e0197bd51d9fb7120ad1d0	yes	K-NET stratified detailed table source
paper/tgrs/figures/source_confirmation_operating_metrics.csv	table_source	yes	591	9ba6cf6beeb7b9b552511b38367ecd53bd5f83adf3abc40f958f50f575532a7a	yes	K-NET confirmation operating metrics table source
paper/tgrs/figures/source_knet_association_operating_point.csv	table_source	yes	1036	d72fa67fe9829155a30d0c0827a348f38363bb433a39f6d6d0babc54b31808cd	yes	K-NET association operating-point table source
paper/tgrs/figures/source_spike_false_alarm_stress.csv	table_source	yes	1700	49047fcba61b948557c72e1a8f800184a6e754c6739e157bd41bd30284e9537e	yes	Spike-injected false-trigger stress table source
paper/tgrs/figures/table_station_detailed_metrics_en.tex	table_source	yes	1611	09db4acb12970d14a70e5e6682fb9a6920c212fcf98d5f026f15a19b691b6f7a	yes	English detailed station-level table snippet
paper/tgrs/figures/table_knet_stratified_detailed_en.tex	table_source	yes	1199	81dd11b52786fd656fe099279695747d2acd3dee6294fec0027b09e0962e44c1	yes	English K-NET stratified detailed table snippet
paper/tgrs/figures/table_spike_false_alarm_en.tex	table_source	yes	777	4cc58fe825f84d1cd45a12525ae997e6bfb7d54713068788bd7f66d4b3c3f4ba	yes	English spike-injected false-trigger table snippet
paper/tgrs/figures/table_continuous_false_alarm_en.tex	table_source	yes	1353	e082a84ec1fc73bad4a80aa1889f93b81836254a81408183478947f3530d0b4d	yes	English combined labeled-noise and continuous-stream false-trigger table snippet
paper/tgrs/figures/table_stead_noise_false_alarm_en.tex	table_source	yes	802	138725e98370d1257b85b71c072faec1744946fccd3c69dff1aa1e4d16b57cf3	yes	English STEAD labeled-noise false-trigger table snippet
paper/tgrs/figures/table_stead_noise_false_alarm_cn.tex	internal_review	yes	793	efc49e63a0a497da4b6feb3db1cdfb6a5514ce5f79738eec718d077b8a99a3cf	no	Chinese STEAD labeled-noise false-trigger table snippet
paper/tgrs/figures/table_fdsn_continuous_false_alarm_en.tex	table_source	yes	1064	c3223ac8393b894377c1033a746b4651f81530cc25ee5356f477cf7866a0ce6f	yes	English FDSN continuous strong-motion false-trigger table snippet
paper/tgrs/figures/table_fdsn_continuous_false_alarm_cn.tex	internal_review	yes	932	d23c0f8d6fc15af2721b700283493d3a42bb3e2cfcc76e19c0fa5d40b1475f6c	no	Chinese FDSN continuous strong-motion false-trigger table snippet
paper/tgrs/external_evidence_closure_honest_20260617.tex	manuscript_source	yes	3396	a13b17bce9499fd2ac856bc4fd153ebab65bb2f41d0e868163fc8f9d9f4661cc	yes	English external PNW and CI/FDSN evidence-closure subsection
paper/tgrs/external_evidence_closure_honest_20260617_cn.md	internal_review	yes	1263	e9f4dc8f4a9b2f3e353d2e39e806524a44cf26c381aef7397493729717d4363b	no	Chinese note on honest external evidence interpretation
models/checkpoints/multidomain_best.pt	checkpoint	yes	1132970	4e2dfa897410b77629440602b4e5404479ede7b7459db87ab862cacd7372b51d	conditional	Reported compact model checkpoint; release only with model/data-use review
models/checkpoints/causal_v3_epoch3.pt	checkpoint	yes	1132489	eab6220840f69b0428fc94bcba8338256e09e65dc81129c3a530526e009d584e	conditional	InstanceGM pretraining checkpoint used as training source
src/model_impl.py	model_code	yes	11534	1bc4c632b9526b1e00269c89e50b93b2e55747ccf5aa3f29e7b9d87cb70de0db	yes	Model implementation
src/model.py	model_code	yes	184	f0dc6a04b603f0ce23e4ef1d9124411cce1c3508d6a379d73ebefc619eec046c	yes	Public model wrapper if present
scripts/training/mpstrain_multidomain.py	training_code	yes	37503	eb8601d9b427e4fee0264c5fb69619d1c52d9ba690e9a9f003e9c74c26cde1ae	yes	InstanceGM + K-NET mixed training
scripts/evaluation/eval_multidomain_test.py	evaluation_code	yes	23355	b1782e9918a5d68450e5038d7bcaee21d4add0043f5b4b554b648d565fe97dd9	yes	Multi-domain evaluation
scripts/evaluation/eval_prefilled_window_baselines.py	evaluation_code	yes	14481	2c97a4eb421da390e47d3726f2646c89bb3938bd9278813b145b4bdcfa8c70ec	yes	PhaseNet/EQTransformer causal-prefill baseline
scripts/evaluation/eval_knet_confirmation_effect.py	evaluation_code	yes	18298	f7ceb23e5984981d4cc11cb99bd115005832b30f6e246f0a7c0a56ae17592345	yes	K-NET confirmation operating points
scripts/evaluation/eval_continuous_false_alarm_sim.py	evaluation_code	yes	16894	4a126ecf12f1d9e381dedd63e37118832ab15c46b8f0307a54ba1f66fae84a03	yes	Pseudo-continuous pre-P false-trigger replay
scripts/evaluation/eval_spike_false_alarm_stress.py	evaluation_code	yes	18128	efb3c37ebed155425f8733b858fa7c6f5d0fe7e4b1cc0f52e940d12e8ac06823	yes	Spike-injected pseudo-continuous false-trigger stress test
scripts/evaluation/eval_artifact_gate_operating_points.py	evaluation_code	yes	29828	a3d83d286bbabe07753b32ba2ff7ffc33c39157ca70a70a12708a77ea91e12b7	yes	Post-hoc packet artifact-gate operating-point audit
scripts/evaluation/eval_stead_noise_stationday_false_alarm.py	evaluation_code	yes	25506	e7a6b4f5ce6a273311f57ba674f53c62461f67e4e1a88e53b85cee92735fc8e2	yes	STEAD labeled-noise station-time false-trigger replay
scripts/evaluation/eval_cwa_tsmip_external.py	evaluation_code	yes	14631	ff320c673e5bf0b1db4fbb28805dedceeffa425c66d47d63d5107a86b1c35d64	yes	External SeisBench labeled-accelerometer response near labeled P arrivals check
scripts/evaluation/eval_fdsn_strong_motion_stationday_false_alarm.py	evaluation_code	yes	34856	5cc1f1f21c36031824a618232c455e2dc412eb73379bbdce9614140e1cb4b683	yes	FDSN continuous strong-motion station-day false-trigger replay
scripts/evaluation/run_fdsn_strong_motion_stationday_campaign.py	evaluation_code	yes	11210	947368f1cd0dbd6a1ec38fbbecf0052fa776807e1356f15a71118f454ed5c366	yes	FDSN continuous strong-motion multi-interval station-day campaign runner
scripts/evaluation/eval_knet_network_association_sim.py	evaluation_code	yes	15202	82a40c5375486b5279af69cd26c265e7fcda8c608dc4cd78577a9f0f4852062b	yes	Event-window station association simulation
scripts/evaluation/build_tgrs_confidence_intervals.py	analysis_code	yes	17997	7f6668469b6453703554588666d0f27104fc015cde8dc36e9db03a02847f16a1	yes	Confidence-interval table generator
outputs/evaluation/tgrs_confidence_intervals/tgrs_confidence_intervals.md	analysis_output	yes	15880	eae7ec2c9904424d72d1bc011d89559991af46141d602956521a380fa147b51d	yes	Confidence-interval report
outputs/evaluation/confirmation_effect/knet_test_mge4_dle200_report.md	analysis_output	yes	3677	15eeef3a7f4e5e512b1654681528759f37c115680ccff0b7998d2ff2fea8ffe8	yes	K-NET confirmation report
outputs/evaluation/continuous_false_alarm/continuous_false_alarm_report.md	analysis_output	yes	3620	c24ba9f73a101f70c224d5b56dd7cb737864c77743c73182eb919cd95329848e	yes	Pseudo-continuous false-trigger report
outputs/evaluation/spike_false_alarm_stress/spike_false_alarm_stress_report.md	analysis_output	yes	2823	7b4f2fa39b4c5cac9d13a0e82096dc4d7705c591c2c133c42184f6822132f19a	yes	Spike-injected false-trigger stress report
outputs/evaluation/spike_false_alarm_stress/spike_false_alarm_stress_summary.csv	analysis_output	yes	1712	38125ede5668c2309f5658f0ee1290ce3e9925b80838fc16940dd14e1432b4d9	yes	Spike-injected false-trigger stress summary
outputs/evaluation/artifact_gate_operating_points/artifact_gate_operating_points_report.md	analysis_output	yes	4453	9d6e4a147fc1c6230e7bfb8b96101a69bba6d3c5600c6812e5748c52db6e3076	yes	Post-hoc artifact-gate audit report
outputs/evaluation/artifact_gate_operating_points/spike_gate_summary.csv	analysis_output	yes	6526	2e41c582f59e7008e86cd0bab1d84503992c534cb6872ce9b09b7a986845ad9c	yes	Artifact-gated spike-stress summary
outputs/evaluation/artifact_gate_operating_points/knet_event_candidate_gate_survival.csv	analysis_output	yes	789	0599d0cb9f774f16611b626aa340b0045232e9c6e89c3c3ca903441bb25d38c0	yes	Conservative K-NET event-candidate survival under artifact gates
outputs/evaluation/artifact_gate_operating_points/pseudo_network_coincidence_summary.csv	analysis_output	yes	9199	1f15f3d6f656d7bec6d0bbb217648ba2b840a83fac3ee27826d1ba3c7cd103ce	yes	Time-aligned pseudo-network coincidence stress summary
outputs/evaluation/stead_noise_stationday_false_alarm/stead_noise_stationday_false_alarm_report.md	analysis_output	yes	2630	d6eb74720f0fe6d9f782565adf7a1bd9ffabde3c4ec9fb238b39bb5b7cc369aa	yes	STEAD labeled-noise station-time false-trigger report
outputs/evaluation/stead_noise_stationday_false_alarm/stationday_false_alarm_rates.csv	analysis_output	yes	1658	819ec1d65786105476eeb7b8bada9883cca7766d9bca8a3ed1f54dd293007df8	yes	STEAD station-time false-trigger rates expressed per station day
outputs/evaluation/stead_noise_stationday_false_alarm/noise_timestamp_coincidence_summary.csv	analysis_output	yes	2849	a6c4b282292b23ed226b78e4264e702c7de9f1ed585a9c83ec1347f6b61d7ee1	yes	Sparse timestamp coincidence diagnostic on STEAD noise clips
outputs/evaluation/external_labeled_accel_smoke/tgrs_external_evidence_closure_20260617_cn.md	analysis_output	yes	7101	1723ca89aa05c772f789e076a664473fb7b07564ca23a07b523f66fa4d905f7c	yes	External PNW and CI/FDSN evidence-closure report
outputs/evaluation/external_labeled_accel_smoke/pnwaccelerometers_theta055_confirm2_firstp_n500_snr20_max320_plocal_m3_summary.txt	analysis_output	yes	668	f0238a44adf18372dbb0622108754e4a20d352b9c40351cd1483fcae8d2bceb3	yes	PNWAccelerometers high-SNR response near labeled P arrivals summary
outputs/evaluation/external_labeled_accel_smoke/pnwaccelerometers_theta055_confirm2_firstp_n500_summary.txt	analysis_output	yes	563	0dc613726b63d843017e1c9baf75983350feb3242568ed7112bedfa938bebc5e	yes	PNWAccelerometers unfiltered random-record summary
outputs/evaluation/external_labeled_accel_smoke/pnwacc_plocal_m3_n500_snr20_theta045_summary.txt	analysis_output	yes	634	10286ab4edcde061cb9206d2053caf5424188a3c12339f9ab64d4340e55c77ee	yes	PNWAccelerometers near-P-arrival threshold sensitivity, theta=0.45
outputs/evaluation/external_labeled_accel_smoke/pnwacc_plocal_m3_n500_snr20_theta050_summary.txt	analysis_output	yes	633	220cc7547909e7e892e7ba5e6cc3fc2e278f0b26efca65f72f7add72afb639af	yes	PNWAccelerometers near-P-arrival threshold sensitivity, theta=0.50
outputs/evaluation/external_labeled_accel_smoke/pnwacc_plocal_m3_n500_snr20_theta060_summary.txt	analysis_output	yes	633	663a9e2b8e9262dc2ecda216c1464ef94c26a511217552881301bd6b75affdb7	yes	PNWAccelerometers near-P-arrival threshold sensitivity, theta=0.60
outputs/evaluation/fdsn_strong_motion_stationday_false_alarm/fdsn_strong_motion_stationday_false_alarm_report.md	analysis_output	yes	2260	8193565712b121e308bf60829a63e098e112800a8826e77b566e1dd95fb9ebf2	yes	FDSN continuous strong-motion station-day false-trigger report
outputs/evaluation/fdsn_strong_motion_stationday_false_alarm/stationday_false_alarm_rates.csv	analysis_output	yes	1413	feb3ba757a4629c84165d366a14bef726ce468bc94dcc1e12dec911fe9612fa0	yes	FDSN continuous strong-motion station-day false-trigger rates
outputs/evaluation/fdsn_strong_motion_stationday_false_alarm/network_coincidence_summary.csv	analysis_output	yes	1891	8695816871ce1a7bced791cea94c2aef6e81ad443d21fbc52c9a19cc62a5e26a	yes	FDSN continuous strong-motion multi-station coincidence summary
outputs/evaluation/fdsn_strong_motion_stationday_false_alarm/event_catalog_screen.csv	analysis_output	yes	67	d263072790aac1f955b012617f18e912554ccb1778fa80ecfcbfbaa4109b0362	yes	Event catalog screen for the FDSN continuous-stream pilot
outputs/evaluation/fdsn_strong_motion_stationday_campaign_stable10/campaign_report.md	analysis_output	yes	1525	71c2bbe324d5ba0899e8d4f21c20e64bed7c8c4f25020f36615ad89807f39fae	yes	FDSN continuous strong-motion 10-station, four-interval campaign report
outputs/evaluation/fdsn_strong_motion_stationday_campaign_stable10/campaign_stationday_false_alarm_rates.csv	analysis_output	yes	1410	26566a34c464d541f4e86371914dfbe943fc51c3917f8deb42a49349056e3828	yes	FDSN 10-station campaign station-day false-trigger rates
outputs/evaluation/fdsn_strong_motion_stationday_campaign_stable10/campaign_network_coincidence_summary.csv	analysis_output	yes	2215	00cc848a7e3dd4d1ae0b3d4179d0996cc37ff55de0d34b9ccba792680cfcee69	yes	FDSN 10-station campaign multi-station coincidence summary
outputs/evaluation/fdsn_strong_motion_stationday_campaign_stable10/campaign_event_catalog_screen.csv	analysis_output	yes	1	01ba4719c80b6fe911b091a7c05124b64eeece964e09c058ef8f9805daca546b	yes	Event catalog screen for the FDSN 10-station continuous-stream campaign
outputs/evaluation/network_association/knet_mge4_dle200_network_association_report.md	analysis_output	yes	15535	a06b24fb2530433ef5d9eead28f5d9c34289fc6049da01581138ed982706f63c	yes	K-NET association report
experiments/redpan_baseline/REDPAN_KNET_REPORT.md	baseline_output	yes	3483	ecbf6be55939f9898e629e604c1ed2e0d66420695be5d751eb481d3a211510e1	conditional	RED-PAN baseline report; check third-party license before redistribution
outputs/evaluation/prefilled_window_baselines/prefilled_window_both_n1000_mge4_zero_pn0.5_eqtp0.1_summary.json	baseline_output	yes	1494	e28382e632839a15926bfa341abaaa1aba73f5dc06e6e6c68070ba153fa5bcb3	yes	PhaseNet/EQTransformer first-trigger summary
outputs/data_audit/strong_motion_verified_data_intake_20260615/dataset_intake_template.csv	data_expansion_output	yes	2501	3ac64f7e6af51aa4d749e1cf1e1aed764fc720298838fedcee6398c1eccee40a	yes	China/global strong-motion data intake template
outputs/data_audit/strong_motion_verified_data_intake_20260616/README.md	data_expansion_output	yes	5477	22a6a72c496fcdd3fc2f564d54995016beb7816536fa7605ab9c1f8f4130c953	yes	External strong-motion data expansion route and claim scope
outputs/data_audit/strong_motion_verified_data_intake_20260616/external_source_priority_matrix.csv	data_expansion_output	yes	4509	1b2e0653ab66def78dca08e6dca62375e9bc7b8f47aef55109471bdc1068cf4b	yes	Prioritized external strong-motion source matrix
outputs/data_audit/strong_motion_verified_data_intake_20260616/domestic_data_request_checklist.md	data_expansion_output	yes	3273	438bd18f17b4e2d784b0dda0401763100f0b68eca73388b6dc3054d501aa2d58	yes	Domestic strong-motion pilot request checklist
outputs/data_audit/strong_motion_verified_data_intake_20260616/domestic_pilot_candidate_sources.csv	data_expansion_output	yes	5033	c10c3b79140b6716a0039e08ec4f55e2cd32eb0eeab5fb40c9efbd1d3cf85239	yes	Concrete domestic strong-motion pilot candidate sources
outputs/data_audit/strong_motion_verified_data_intake_20260616/domestic_pilot_order_note.md	data_expansion_output	yes	3198	e6cee30a69080aeb52a27af4cb3d3c075d9f983f8fb667f1d4072593de15f8f5	yes	Domestic 2021 M>=5 pilot order and consultation note
data/domestic_strong_motion_2021_mge5_pilot/README.md	data_intake_template	yes	1329	017813c2c56861b6cda407da1453ffce18720f62aee7faf4cdcf4cd089c98ba3	yes	Domestic 2021 M>=5 pilot intake scope
data/domestic_strong_motion_2021_mge5_pilot/metadata_template.csv	data_intake_template	yes	1334	90661d1ad0469b75cbcc8fb074aa2f38af670f9a6f49da8369d4c89f4e1f7ecd	yes	Per-record metadata template for domestic strong-motion pilot
data/domestic_strong_motion_2021_mge5_pilot/p_reference_template.csv	data_intake_template	yes	336	32777cd30187590ae21dc3cfac77d3507866894bddc1a70b7bb6b51169eb231a	yes	P-reference provenance template for domestic strong-motion pilot
scripts/data/validate_domestic_strong_motion_pilot.py	data_expansion_code	yes	13292	9a7f506be95b4565a08bfe8c76c3f0ead36bd3d4931c7b9b7a84d4c880dfe70c	yes	Domestic strong-motion pilot intake validator
outputs/data_audit/domestic_strong_motion_2021_mge5_pilot_intake_20260616/validation_report.md	data_expansion_output	yes	2680	7cb381984f365e999bc6e813b9748719eb908328c9fde91730f15e04c8052f81	yes	Current domestic pilot intake validation status; zero accepted until data and P references pass
outputs/data_audit/domestic_strong_motion_2021_mge5_pilot_intake_20260616/intake_validation_status.csv	data_expansion_output	yes	1857	bcf1e10f6f046efafb907323487371cf4dd4bbf3dcf21fdda16f61508a8e6e88	yes	Per-record domestic pilot intake validation status
outputs/data_audit/domestic_strong_motion_2021_mge5_pilot_intake_20260616/accepted_record_manifest.csv	data_expansion_output	yes	1	01ba4719c80b6fe911b091a7c05124b64eeece964e09c058ef8f9805daca546b	yes	Domestic pilot records allowed into accuracy analysis after strict validation
